user_id,username,gender,age,province,register_time
U000001,user_1,男,19,河南,2026-03-30 15:09:48
U000002,user_2,女,30,河南,2026-01-05 15:09:48
U000003,user_3,女,20,浙江,2025-12-28 15:09:48
U000004,user_4,男,32,湖北,2026-06-28 15:09:48
U000005,user_5,女,26,上海,2026-07-03 15:09:48
U000006,user_6,男,18,北京,2026-02-27 15:09:48
U000007,user_7,男,29,河南,2025-12-13 15:09:48
U000008,user_8,女,34,北京,2026-06-12 15:09:48
U000009,user_9,女,31,四川,2025-09-04 15:09:48
U000010,user_10,女,20,上海,2025-11-27 15:09:48
U000011,user_11,女,32,广东,2025-12-06 15:09:48
U000012,user_12,女,24,河南,2026-05-23 15:09:48
U000013,user_13,男,24,四川,2026-08-02 15:09:48
U000014,user_14,女,22,浙江,2025-09-20 15:09:48
U000015,user_15,女,22,浙江,2026-06-10 15:09:48
U000016,user_16,女,21,湖北,2026-04-28 15:09:48
U000017,user_17,女,33,江苏,2025-09-24 15:09:48
U000018,user_18,男,33,湖北,2026-08-31 15:09:48
U000019,user_19,男,25,山东,2026-03-24 15:09:48
U000020,user_20,女,33,四川,2025-11-18 15:09:48
U000021,user_21,女,21,江苏,2026-06-01 15:09:48
U000022,user_22,女,35,湖南,2026-01-09 15:09:48
U000023,user_23,男,35,上海,2025-10-26 15:09:48
U000024,user_24,女,31,湖南,2026-05-02 15:09:48
U000025,user_25,男,29,江苏,2025-09-09 15:09:48
U000026,user_26,女,33,湖北,2025-10-22 15:09:48
U000027,user_27,女,20,北京,2025-10-12 15:09:48
U000028,user_28,女,34,湖北,2026-03-13 15:09:48
U000029,user_29,男,20,湖北,2026-04-19 15:09:48
U000030,user_30,女,18,四川,2026-02-07 15:09:48
U000031,user_31,女,30,江苏,2026-04-16 15:09:48
U000032,user_32,女,29,湖南,2026-02-12 15:09:48
U000033,user_33,女,18,湖北,2026-01-20 15:09:48
U000034,user_34,男,32,湖北,2026-04-14 15:09:48
U000035,user_35,男,35,四川,2025-09-06 15:09:48
U000036,user_36,女,30,广东,2026-09-01 15:09:48
U000037,user_37,男,31,山东,2026-03-02 15:09:48
U000038,user_38,女,20,湖北,2026-01-09 15:09:48
U000039,user_39,女,33,湖南,2025-10-21 15:09:48
U000040,user_40,女,32,河南,2025-12-12 15:09:48
U000041,user_41,女,18,湖北,2026-08-24 15:09:48
U000042,user_42,男,26,江苏,2025-11-02 15:09:48
U000043,user_43,男,23,江苏,2026-07-13 15:09:48
U000044,user_44,男,30,广东,2026-02-17 15:09:48
U000045,user_45,男,19,浙江,2026-06-30 15:09:48
U000046,user_46,男,27,四川,2025-12-31 15:09:48
U000047,user_47,男,29,广东,2026-08-02 15:09:48
U000048,user_48,女,31,四川,2026-06-25 15:09:48
U000049,user_49,男,21,河南,2025-10-10 15:09:48
U000050,user_50,男,31,四川,2026-06-10 15:09:48
U000051,user_51,女,18,广东,2025-10-07 15:09:48
U000052,user_52,男,25,河南,2025-11-23 15:09:48
U000053,user_53,女,28,河南,2025-11-21 15:09:48
U000054,user_54,男,22,浙江,2026-06-11 15:09:48
U000055,user_55,男,24,山东,2026-02-01 15:09:48
U000056,user_56,女,31,广东,2026-04-27 15:09:48
U000057,user_57,男,27,湖北,2026-06-07 15:09:48
U000058,user_58,女,29,山东,2026-04-19 15:09:48
U000059,user_59,女,33,四川,2025-12-13 15:09:48
U000060,user_60,男,23,广东,2025-10-12 15:09:48
U000061,user_61,男,24,上海,2026-02-06 15:09:48
U000062,user_62,女,34,四川,2025-12-05 15:09:48
U000063,user_63,女,33,北京,2025-12-22 15:09:48
U000064,user_64,男,24,浙江,2026-01-08 15:09:48
U000065,user_65,男,23,四川,2026-05-16 15:09:48
U000066,user_66,男,29,上海,2026-03-04 15:09:48
U000067,user_67,男,27,四川,2026-05-02 15:09:48
U000068,user_68,男,19,北京,2026-03-07 15:09:48
U000069,user_69,男,34,广东,2025-09-30 15:09:48
U000070,user_70,女,27,广东,2026-02-24 15:09:48
U000071,user_71,女,24,湖北,2026-08-22 15:09:48
U000072,user_72,男,18,浙江,2026-07-03 15:09:48
U000073,user_73,女,21,山东,2026-02-20 15:09:48
U000074,user_74,男,24,湖北,2026-04-19 15:09:48
U000075,user_75,女,28,广东,2025-09-23 15:09:48
U000076,user_76,女,19,上海,2025-12-11 15:09:48
U000077,user_77,男,29,湖北,2026-04-01 15:09:48
U000078,user_78,女,24,湖北,2026-07-02 15:09:48
U000079,user_79,女,20,河南,2026-04-24 15:09:48
U000080,user_80,女,27,河南,2025-11-26 15:09:48
U000081,user_81,女,20,四川,2026-05-16 15:09:48
U000082,user_82,男,25,北京,2026-05-06 15:09:48
U000083,user_83,女,19,河南,2026-01-26 15:09:48
U000084,user_84,女,20,浙江,2026-05-25 15:09:48
U000085,user_85,女,31,四川,2026-08-28 15:09:48
U000086,user_86,女,29,北京,2026-07-01 15:09:48
U000087,user_87,男,32,山东,2026-05-23 15:09:48
U000088,user_88,男,19,江苏,2025-10-25 15:09:48
U000089,user_89,女,19,北京,2026-04-22 15:09:48
U000090,user_90,女,27,江苏,2026-04-20 15:09:48
U000091,user_91,男,34,广东,2025-09-09 15:09:48
U000092,user_92,女,35,上海,2026-03-30 15:09:48
U000093,user_93,男,34,河南,2026-01-28 15:09:48
U000094,user_94,男,32,浙江,2025-11-15 15:09:48
U000095,user_95,女,34,浙江,2025-11-08 15:09:48
U000096,user_96,男,24,浙江,2026-03-22 15:09:48
U000097,user_97,男,20,浙江,2025-10-03 15:09:48
U000098,user_98,女,24,北京,2026-01-18 15:09:48
U000099,user_99,女,19,河南,2026-08-22 15:09:48
U000100,user_100,女,35,浙江,2026-08-21 15:09:48
U000101,user_101,男,33,湖北,2026-01-11 15:09:48
U000102,user_102,男,18,广东,2025-09-15 15:09:48
U000103,user_103,女,35,北京,2026-08-10 15:09:48
U000104,user_104,男,35,江苏,2025-09-27 15:09:48
U000105,user_105,男,35,广东,2026-02-03 15:09:48
U000106,user_106,女,33,湖南,2025-12-17 15:09:48
U000107,user_107,男,32,上海,2025-12-16 15:09:48
U000108,user_108,女,26,广东,2025-10-10 15:09:48
U000109,user_109,女,30,广东,2026-01-12 15:09:48
U000110,user_110,女,29,浙江,2025-10-04 15:09:48
U000111,user_111,女,20,上海,2026-04-21 15:09:48
U000112,user_112,女,30,江苏,2026-03-31 15:09:48
U000113,user_113,男,28,山东,2026-03-04 15:09:48
U000114,user_114,男,32,上海,2026-05-31 15:09:48
U000115,user_115,女,32,湖北,2025-11-22 15:09:48
U000116,user_116,男,19,湖北,2026-07-24 15:09:48
U000117,user_117,女,34,浙江,2026-02-08 15:09:48
U000118,user_118,女,22,江苏,2026-06-15 15:09:48
U000119,user_119,男,26,山东,2026-01-24 15:09:48
U000120,user_120,女,24,北京,2026-08-18 15:09:48
U000121,user_121,女,29,湖南,2025-10-17 15:09:48
U000122,user_122,女,23,山东,2026-05-07 15:09:48
U000123,user_123,男,30,浙江,2025-12-01 15:09:48
U000124,user_124,女,29,河南,2025-12-27 15:09:48
U000125,user_125,男,18,四川,2025-12-04 15:09:48
U000126,user_126,女,21,广东,2025-12-22 15:09:48
U000127,user_127,女,28,浙江,2026-03-16 15:09:48
U000128,user_128,女,32,广东,2025-12-16 15:09:48
U000129,user_129,女,34,湖南,2026-04-15 15:09:48
U000130,user_130,女,25,四川,2025-09-20 15:09:48
U000131,user_131,男,21,北京,2026-06-06 15:09:48
U000132,user_132,男,35,山东,2026-03-19 15:09:48
U000133,user_133,男,27,广东,2026-04-18 15:09:48
U000134,user_134,男,18,四川,2026-08-15 15:09:48
U000135,user_135,男,21,广东,2026-07-07 15:09:48
U000136,user_136,男,30,广东,2026-01-11 15:09:48
U000137,user_137,男,19,河南,2025-12-17 15:09:48
U000138,user_138,女,32,山东,2026-07-10 15:09:48
U000139,user_139,男,31,湖南,2026-03-20 15:09:48
U000140,user_140,女,23,浙江,2026-08-31 15:09:48
U000141,user_141,男,23,四川,2026-01-18 15:09:48
U000142,user_142,女,27,河南,2026-03-16 15:09:48
U000143,user_143,男,23,浙江,2026-01-12 15:09:48
U000144,user_144,女,34,广东,2025-12-01 15:09:48
U000145,user_145,男,20,上海,2025-11-01 15:09:48
U000146,user_146,男,25,湖南,2026-02-26 15:09:48
U000147,user_147,女,23,北京,2026-05-19 15:09:48
U000148,user_148,男,26,四川,2026-01-07 15:09:48
U000149,user_149,女,35,北京,2026-02-24 15:09:48
U000150,user_150,男,22,浙江,2026-07-01 15:09:48
U000151,user_151,男,25,湖南,2025-09-08 15:09:48
U000152,user_152,男,24,江苏,2025-09-10 15:09:48
U000153,user_153,女,28,上海,2025-09-30 15:09:48
U000154,user_154,女,33,山东,2026-04-08 15:09:48
U000155,user_155,男,18,浙江,2025-10-22 15:09:48
U000156,user_156,女,32,浙江,2026-01-07 15:09:48
U000157,user_157,女,32,广东,2026-08-30 15:09:48
U000158,user_158,男,30,江苏,2025-11-12 15:09:48
U000159,user_159,女,34,江苏,2025-11-22 15:09:48
U000160,user_160,女,27,四川,2026-01-21 15:09:48
U000161,user_161,女,24,上海,2025-12-22 15:09:48
U000162,user_162,女,26,湖南,2025-11-14 15:09:48
U000163,user_163,女,20,江苏,2025-10-08 15:09:48
U000164,user_164,女,24,广东,2025-12-13 15:09:48
U000165,user_165,男,33,广东,2025-09-30 15:09:48
U000166,user_166,男,20,北京,2026-02-08 15:09:48
U000167,user_167,女,20,湖南,2026-03-09 15:09:48
U000168,user_168,男,34,江苏,2026-03-07 15:09:48
U000169,user_169,男,29,四川,2026-04-24 15:09:48
U000170,user_170,女,24,上海,2025-09-02 15:09:48
U000171,user_171,男,22,四川,2026-07-25 15:09:48
U000172,user_172,男,22,湖南,2026-02-21 15:09:48
U000173,user_173,女,34,湖南,2026-07-14 15:09:48
U000174,user_174,女,25,北京,2025-12-18 15:09:48
U000175,user_175,男,24,江苏,2026-04-17 15:09:48
U000176,user_176,男,20,北京,2026-03-22 15:09:48
U000177,user_177,女,22,四川,2026-03-27 15:09:48
U000178,user_178,男,34,广东,2025-11-15 15:09:48
U000179,user_179,男,27,浙江,2026-02-23 15:09:48
U000180,user_180,女,24,广东,2026-06-29 15:09:48
U000181,user_181,女,27,浙江,2026-07-10 15:09:48
U000182,user_182,男,28,河南,2025-10-16 15:09:48
U000183,user_183,男,22,四川,2025-09-21 15:09:48
U000184,user_184,女,19,湖南,2025-12-19 15:09:48
U000185,user_185,男,21,湖北,2026-04-01 15:09:48
U000186,user_186,男,29,上海,2026-08-18 15:09:48
U000187,user_187,男,33,浙江,2025-11-01 15:09:48
U000188,user_188,女,25,北京,2026-08-18 15:09:48
U000189,user_189,男,28,河南,2026-02-03 15:09:48
U000190,user_190,女,31,山东,2025-09-04 15:09:48
U000191,user_191,女,18,浙江,2026-07-19 15:09:48
U000192,user_192,男,23,山东,2025-11-25 15:09:48
U000193,user_193,男,18,浙江,2026-04-26 15:09:48
U000194,user_194,男,30,湖北,2026-05-25 15:09:48
U000195,user_195,女,24,浙江,2026-05-21 15:09:48
U000196,user_196,女,30,北京,2025-09-12 15:09:48
U000197,user_197,男,18,北京,2026-08-22 15:09:48
U000198,user_198,女,25,浙江,2026-04-29 15:09:48
U000199,user_199,女,22,江苏,2026-01-21 15:09:48
U000200,user_200,女,20,江苏,2025-11-06 15:09:48
U000201,user_201,男,18,湖南,2026-08-01 15:09:48
U000202,user_202,男,25,湖北,2025-09-22 15:09:48
U000203,user_203,男,23,河南,2026-06-08 15:09:48
U000204,user_204,男,27,上海,2026-01-03 15:09:48
U000205,user_205,女,21,北京,2026-03-31 15:09:48
U000206,user_206,男,26,湖南,2026-07-06 15:09:48
U000207,user_207,女,19,江苏,2025-11-30 15:09:48
U000208,user_208,女,19,湖南,2026-06-04 15:09:48
U000209,user_209,男,35,四川,2026-03-23 15:09:48
U000210,user_210,女,35,四川,2026-05-13 15:09:48
U000211,user_211,男,29,江苏,2025-11-26 15:09:48
U000212,user_212,女,33,山东,2025-12-29 15:09:48
U000213,user_213,女,35,湖北,2026-04-09 15:09:48
U000214,user_214,女,26,浙江,2025-10-28 15:09:48
U000215,user_215,女,21,湖北,2026-05-19 15:09:48
U000216,user_216,男,18,广东,2025-10-21 15:09:48
U000217,user_217,男,29,河南,2026-03-11 15:09:48
U000218,user_218,男,32,四川,2026-09-01 15:09:48
U000219,user_219,女,27,广东,2025-11-26 15:09:48
U000220,user_220,女,32,浙江,2026-09-01 15:09:48
U000221,user_221,女,32,浙江,2026-07-24 15:09:48
U000222,user_222,男,26,江苏,2025-10-06 15:09:48
U000223,user_223,男,35,山东,2025-11-29 15:09:48
U000224,user_224,男,34,上海,2026-06-07 15:09:48
U000225,user_225,男,22,河南,2025-10-20 15:09:48
U000226,user_226,男,19,上海,2026-02-22 15:09:48
U000227,user_227,男,22,河南,2025-11-25 15:09:48
U000228,user_228,女,26,湖北,2026-01-09 15:09:48
U000229,user_229,男,20,河南,2026-02-20 15:09:48
U000230,user_230,男,20,浙江,2025-12-07 15:09:48
U000231,user_231,女,25,湖北,2025-09-27 15:09:48
U000232,user_232,男,26,江苏,2026-08-12 15:09:48
U000233,user_233,男,31,上海,2026-06-22 15:09:48
U000234,user_234,女,33,北京,2025-10-13 15:09:48
U000235,user_235,女,20,湖北,2026-06-10 15:09:48
U000236,user_236,女,35,北京,2025-09-05 15:09:48
U000237,user_237,女,29,广东,2026-04-08 15:09:48
U000238,user_238,男,29,湖北,2026-06-30 15:09:48
U000239,user_239,女,20,上海,2026-08-05 15:09:48
U000240,user_240,女,24,河南,2026-02-14 15:09:48
U000241,user_241,男,26,上海,2026-06-16 15:09:48
U000242,user_242,男,25,浙江,2026-02-04 15:09:48
U000243,user_243,女,34,山东,2026-05-15 15:09:48
U000244,user_244,女,18,山东,2025-10-21 15:09:48
U000245,user_245,男,19,上海,2026-04-14 15:09:48
U000246,user_246,男,26,河南,2025-11-01 15:09:48
U000247,user_247,女,30,湖北,2025-11-22 15:09:48
U000248,user_248,女,27,上海,2025-09-18 15:09:48
U000249,user_249,女,21,湖北,2026-03-07 15:09:48
U000250,user_250,女,18,湖北,2026-06-30 15:09:48
U000251,user_251,男,21,北京,2026-05-23 15:09:48
U000252,user_252,女,30,山东,2026-01-10 15:09:48
U000253,user_253,女,26,浙江,2026-03-19 15:09:48
U000254,user_254,男,18,上海,2025-09-10 15:09:48
U000255,user_255,男,30,山东,2026-08-12 15:09:48
U000256,user_256,女,32,广东,2025-11-16 15:09:48
U000257,user_257,男,30,四川,2026-07-11 15:09:48
U000258,user_258,男,31,河南,2025-11-05 15:09:48
U000259,user_259,女,24,湖北,2026-04-22 15:09:48
U000260,user_260,男,23,广东,2026-05-13 15:09:48
U000261,user_261,女,34,浙江,2025-11-27 15:09:48
U000262,user_262,女,30,湖南,2025-12-09 15:09:48
U000263,user_263,女,26,浙江,2026-07-18 15:09:48
U000264,user_264,男,27,四川,2026-07-31 15:09:48
U000265,user_265,女,33,上海,2026-01-18 15:09:48
U000266,user_266,女,33,浙江,2026-05-23 15:09:48
U000267,user_267,女,22,四川,2026-04-02 15:09:48
U000268,user_268,男,19,浙江,2026-08-21 15:09:48
U000269,user_269,女,30,广东,2026-06-09 15:09:48
U000270,user_270,女,32,江苏,2025-12-15 15:09:48
U000271,user_271,女,28,上海,2026-01-06 15:09:48
U000272,user_272,女,19,湖南,2026-08-10 15:09:48
U000273,user_273,女,26,湖南,2026-02-12 15:09:48
U000274,user_274,女,33,浙江,2026-02-11 15:09:48
U000275,user_275,男,24,北京,2025-12-21 15:09:48
U000276,user_276,女,25,江苏,2025-10-03 15:09:48
U000277,user_277,女,20,湖北,2025-09-05 15:09:48
U000278,user_278,女,33,北京,2026-05-30 15:09:48
U000279,user_279,女,28,湖南,2026-05-18 15:09:48
U000280,user_280,女,33,山东,2026-03-15 15:09:48
U000281,user_281,女,32,浙江,2026-07-05 15:09:48
U000282,user_282,男,25,湖南,2026-04-21 15:09:48
U000283,user_283,男,31,四川,2026-07-05 15:09:48
U000284,user_284,男,18,湖北,2026-07-22 15:09:48
U000285,user_285,女,27,四川,2026-03-16 15:09:48
U000286,user_286,女,30,广东,2025-10-10 15:09:48
U000287,user_287,女,29,江苏,2026-07-08 15:09:48
U000288,user_288,男,19,广东,2025-12-01 15:09:48
U000289,user_289,男,18,北京,2026-04-28 15:09:48
U000290,user_290,男,34,浙江,2026-05-15 15:09:48
U000291,user_291,女,18,浙江,2026-08-04 15:09:48
U000292,user_292,男,34,湖北,2026-06-23 15:09:48
U000293,user_293,女,35,四川,2026-06-21 15:09:48
U000294,user_294,男,24,四川,2026-03-06 15:09:48
U000295,user_295,女,22,上海,2026-03-11 15:09:48
U000296,user_296,男,25,四川,2026-05-20 15:09:48
U000297,user_297,女,26,广东,2026-06-16 15:09:48
U000298,user_298,男,32,江苏,2026-02-06 15:09:48
U000299,user_299,男,28,北京,2026-08-17 15:09:48
U000300,user_300,女,19,湖北,2026-06-19 15:09:48
U000301,user_301,男,23,山东,2025-09-25 15:09:48
U000302,user_302,女,34,山东,2026-04-06 15:09:48
U000303,user_303,男,29,河南,2026-05-21 15:09:48
U000304,user_304,男,19,上海,2025-09-23 15:09:48
U000305,user_305,男,30,湖北,2026-01-12 15:09:48
U000306,user_306,男,35,山东,2025-11-02 15:09:48
U000307,user_307,男,32,湖南,2026-03-09 15:09:48
U000308,user_308,女,29,四川,2026-05-19 15:09:48
U000309,user_309,女,33,江苏,2026-07-31 15:09:48
U000310,user_310,男,34,浙江,2026-07-12 15:09:48
U000311,user_311,男,24,河南,2026-06-25 15:09:48
U000312,user_312,女,18,浙江,2026-07-21 15:09:48
U000313,user_313,女,33,江苏,2026-06-27 15:09:48
U000314,user_314,男,30,山东,2026-08-15 15:09:48
U000315,user_315,男,34,浙江,2026-02-11 15:09:48
U000316,user_316,男,26,上海,2026-02-02 15:09:48
U000317,user_317,女,31,江苏,2026-05-08 15:09:48
U000318,user_318,男,33,江苏,2026-05-27 15:09:48
U000319,user_319,女,18,浙江,2025-11-15 15:09:48
U000320,user_320,女,18,上海,2025-11-17 15:09:48
U000321,user_321,女,24,湖北,2026-06-14 15:09:48
U000322,user_322,女,31,河南,2026-02-13 15:09:48
U000323,user_323,男,35,浙江,2025-11-22 15:09:48
U000324,user_324,女,27,湖北,2025-12-03 15:09:48
U000325,user_325,女,27,四川,2026-03-11 15:09:48
U000326,user_326,男,28,山东,2026-03-31 15:09:48
U000327,user_327,男,27,广东,2026-05-03 15:09:48
U000328,user_328,男,33,广东,2026-08-13 15:09:48
U000329,user_329,女,21,湖北,2026-02-26 15:09:48
U000330,user_330,男,22,山东,2026-06-14 15:09:48
U000331,user_331,女,20,江苏,2026-02-10 15:09:48
U000332,user_332,男,19,四川,2026-06-24 15:09:48
U000333,user_333,女,21,上海,2025-09-11 15:09:48
U000334,user_334,男,20,浙江,2026-02-20 15:09:48
U000335,user_335,女,26,上海,2026-01-30 15:09:48
U000336,user_336,男,30,山东,2026-04-07 15:09:48
U000337,user_337,男,30,四川,2025-10-06 15:09:48
U000338,user_338,男,24,山东,2026-04-10 15:09:48
U000339,user_339,男,26,河南,2025-10-29 15:09:48
U000340,user_340,女,33,北京,2026-02-19 15:09:48
U000341,user_341,男,21,上海,2026-02-19 15:09:48
U000342,user_342,男,28,湖南,2026-01-19 15:09:48
U000343,user_343,女,23,上海,2025-09-27 15:09:48
U000344,user_344,女,30,江苏,2026-07-12 15:09:48
U000345,user_345,女,28,上海,2025-09-25 15:09:48
U000346,user_346,女,35,河南,2026-07-13 15:09:48
U000347,user_347,女,30,上海,2026-03-08 15:09:48
U000348,user_348,女,27,广东,2025-11-10 15:09:48
U000349,user_349,男,25,四川,2025-11-16 15:09:48
U000350,user_350,女,34,湖南,2025-11-04 15:09:48
U000351,user_351,男,31,湖北,2026-01-11 15:09:48
U000352,user_352,男,30,山东,2026-08-18 15:09:48
U000353,user_353,女,32,湖北,2026-01-25 15:09:48
U000354,user_354,男,23,山东,2026-08-28 15:09:48
U000355,user_355,男,35,湖北,2025-09-25 15:09:48
U000356,user_356,男,35,山东,2025-09-08 15:09:48
U000357,user_357,男,19,四川,2025-11-08 15:09:48
U000358,user_358,男,23,河南,2026-05-07 15:09:48
U000359,user_359,男,19,四川,2026-05-14 15:09:48
U000360,user_360,男,22,江苏,2026-06-16 15:09:48
U000361,user_361,女,23,上海,2026-07-26 15:09:48
U000362,user_362,男,32,上海,2025-10-18 15:09:48
U000363,user_363,男,29,江苏,2026-05-20 15:09:48
U000364,user_364,女,23,湖北,2025-11-09 15:09:48
U000365,user_365,男,24,河南,2026-04-30 15:09:48
U000366,user_366,女,35,山东,2026-04-24 15:09:48
U000367,user_367,男,18,河南,2026-03-01 15:09:48
U000368,user_368,女,27,北京,2026-05-30 15:09:48
U000369,user_369,男,19,四川,2026-04-15 15:09:48
U000370,user_370,女,25,北京,2026-03-08 15:09:48
U000371,user_371,女,26,山东,2026-03-20 15:09:48
U000372,user_372,男,29,湖南,2026-07-05 15:09:48
U000373,user_373,男,33,浙江,2025-10-16 15:09:48
U000374,user_374,男,35,浙江,2026-03-29 15:09:48
U000375,user_375,女,31,江苏,2026-03-25 15:09:48
U000376,user_376,女,35,湖南,2026-07-05 15:09:48
U000377,user_377,男,20,北京,2026-07-25 15:09:48
U000378,user_378,女,23,湖北,2025-09-14 15:09:48
U000379,user_379,女,35,湖北,2026-08-08 15:09:48
U000380,user_380,男,28,河南,2025-09-27 15:09:48
U000381,user_381,男,25,浙江,2025-10-04 15:09:48
U000382,user_382,男,29,山东,2026-02-27 15:09:48
U000383,user_383,女,33,湖南,2026-05-01 15:09:48
U000384,user_384,女,35,湖南,2026-08-28 15:09:48
U000385,user_385,女,31,湖北,2026-08-01 15:09:48
U000386,user_386,男,34,山东,2026-04-24 15:09:48
U000387,user_387,男,19,四川,2026-03-02 15:09:48
U000388,user_388,女,23,湖北,2025-10-08 15:09:48
U000389,user_389,男,27,江苏,2025-10-06 15:09:48
U000390,user_390,女,31,河南,2026-03-08 15:09:48
U000391,user_391,男,24,广东,2026-04-21 15:09:48
U000392,user_392,女,23,湖南,2025-09-21 15:09:48
U000393,user_393,女,31,江苏,2026-03-28 15:09:48
U000394,user_394,女,30,山东,2026-07-28 15:09:48
U000395,user_395,男,30,上海,2026-07-22 15:09:48
U000396,user_396,女,24,湖北,2026-01-07 15:09:48
U000397,user_397,男,34,北京,2026-04-29 15:09:48
U000398,user_398,男,27,北京,2026-01-12 15:09:48
U000399,user_399,女,27,四川,2026-09-01 15:09:48
U000400,user_400,男,21,四川,2025-09-01 15:09:48
U000401,user_401,女,31,湖南,2026-05-28 15:09:48
U000402,user_402,男,22,北京,2026-05-10 15:09:48
U000403,user_403,男,21,河南,2026-06-20 15:09:48
U000404,user_404,男,27,北京,2026-05-28 15:09:48
U000405,user_405,男,28,河南,2026-08-25 15:09:48
U000406,user_406,男,35,湖南,2026-07-16 15:09:48
U000407,user_407,男,31,河南,2026-04-20 15:09:48
U000408,user_408,女,27,湖北,2026-02-22 15:09:48
U000409,user_409,男,35,四川,2026-02-21 15:09:48
U000410,user_410,女,27,四川,2026-04-16 15:09:48
U000411,user_411,男,26,湖南,2026-06-08 15:09:48
U000412,user_412,男,29,四川,2026-02-13 15:09:48
U000413,user_413,男,26,浙江,2025-12-28 15:09:48
U000414,user_414,女,33,四川,2025-11-13 15:09:48
U000415,user_415,女,31,山东,2026-06-05 15:09:48
U000416,user_416,女,30,北京,2026-01-21 15:09:48
U000417,user_417,女,23,北京,2026-01-28 15:09:48
U000418,user_418,女,19,上海,2026-03-20 15:09:48
U000419,user_419,男,24,江苏,2026-06-25 15:09:48
U000420,user_420,女,21,广东,2025-09-08 15:09:48
U000421,user_421,女,31,浙江,2026-03-18 15:09:48
U000422,user_422,男,18,江苏,2025-10-30 15:09:48
U000423,user_423,女,33,湖北,2026-01-20 15:09:48
U000424,user_424,女,24,河南,2026-07-31 15:09:48
U000425,user_425,女,27,河南,2025-12-07 15:09:48
U000426,user_426,男,35,山东,2026-05-09 15:09:48
U000427,user_427,男,26,上海,2025-09-07 15:09:48
U000428,user_428,女,31,北京,2026-05-27 15:09:48
U000429,user_429,男,21,河南,2025-09-07 15:09:48
U000430,user_430,女,27,北京,2026-08-02 15:09:48
U000431,user_431,男,21,湖南,2025-11-24 15:09:48
U000432,user_432,女,34,北京,2026-04-21 15:09:48
U000433,user_433,男,31,湖南,2026-05-22 15:09:48
U000434,user_434,男,21,广东,2025-11-02 15:09:48
U000435,user_435,女,24,山东,2026-04-20 15:09:48
U000436,user_436,男,28,北京,2026-02-09 15:09:48
U000437,user_437,男,20,湖北,2026-07-11 15:09:48
U000438,user_438,女,23,上海,2025-11-07 15:09:48
U000439,user_439,男,28,浙江,2025-10-26 15:09:48
U000440,user_440,男,18,河南,2026-02-01 15:09:48
U000441,user_441,女,26,湖北,2026-08-14 15:09:48
U000442,user_442,男,25,广东,2025-11-07 15:09:48
U000443,user_443,男,34,湖南,2026-01-14 15:09:48
U000444,user_444,男,30,浙江,2026-07-24 15:09:48
U000445,user_445,女,28,江苏,2025-12-06 15:09:48
U000446,user_446,男,19,四川,2026-01-26 15:09:48
U000447,user_447,女,31,上海,2026-08-20 15:09:48
U000448,user_448,男,25,北京,2025-11-11 15:09:48
U000449,user_449,男,31,江苏,2026-04-12 15:09:48
U000450,user_450,女,33,浙江,2026-01-11 15:09:48
U000451,user_451,女,27,北京,2026-04-22 15:09:48
U000452,user_452,女,24,江苏,2025-10-30 15:09:48
U000453,user_453,男,26,湖北,2026-04-16 15:09:48
U000454,user_454,男,23,河南,2026-06-27 15:09:48
U000455,user_455,男,35,广东,2026-03-08 15:09:48
U000456,user_456,女,31,江苏,2025-12-28 15:09:48
U000457,user_457,男,24,浙江,2025-12-30 15:09:48
U000458,user_458,女,21,江苏,2026-08-17 15:09:48
U000459,user_459,女,33,江苏,2026-05-26 15:09:48
U000460,user_460,女,31,四川,2025-11-13 15:09:48
U000461,user_461,男,22,北京,2026-08-29 15:09:48
U000462,user_462,女,32,山东,2026-08-24 15:09:48
U000463,user_463,女,31,北京,2026-08-07 15:09:48
U000464,user_464,男,27,江苏,2026-07-11 15:09:48
U000465,user_465,男,35,浙江,2025-09-16 15:09:48
U000466,user_466,男,21,四川,2026-05-08 15:09:48
U000467,user_467,男,24,上海,2026-05-12 15:09:48
U000468,user_468,女,19,山东,2025-10-19 15:09:48
U000469,user_469,女,23,四川,2026-03-02 15:09:48
U000470,user_470,男,19,湖北,2026-07-29 15:09:48
U000471,user_471,女,31,江苏,2026-01-14 15:09:48
U000472,user_472,男,18,四川,2026-06-21 15:09:48
U000473,user_473,女,30,四川,2025-09-05 15:09:48
U000474,user_474,男,35,四川,2026-07-27 15:09:48
U000475,user_475,男,23,湖南,2026-02-08 15:09:48
U000476,user_476,男,24,河南,2026-02-27 15:09:48
U000477,user_477,女,23,山东,2026-05-25 15:09:48
U000478,user_478,女,22,湖南,2026-02-17 15:09:48
U000479,user_479,男,34,广东,2025-09-21 15:09:48
U000480,user_480,女,19,山东,2026-08-22 15:09:48
U000481,user_481,女,35,河南,2026-03-21 15:09:48
U000482,user_482,女,30,湖北,2026-03-29 15:09:48
U000483,user_483,男,32,山东,2025-12-16 15:09:48
U000484,user_484,男,29,湖北,2025-09-22 15:09:48
U000485,user_485,女,29,四川,2026-07-16 15:09:48
U000486,user_486,女,18,湖南,2025-12-15 15:09:48
U000487,user_487,男,19,广东,2026-03-25 15:09:48
U000488,user_488,男,23,山东,2026-06-17 15:09:48
U000489,user_489,女,22,江苏,2026-02-19 15:09:48
U000490,user_490,女,35,北京,2026-08-02 15:09:48
U000491,user_491,男,35,湖南,2025-10-12 15:09:48
U000492,user_492,男,24,北京,2026-07-19 15:09:48
U000493,user_493,女,35,山东,2026-01-06 15:09:48
U000494,user_494,男,25,河南,2025-12-09 15:09:48
U000495,user_495,女,23,湖北,2025-09-27 15:09:48
U000496,user_496,男,25,河南,2025-10-19 15:09:48
U000497,user_497,男,32,上海,2026-03-26 15:09:48
U000498,user_498,女,33,北京,2025-12-05 15:09:48
U000499,user_499,男,29,河南,2026-04-13 15:09:48
U000500,user_500,男,26,湖南,2026-07-11 15:09:48
U000501,user_501,女,22,江苏,2026-01-21 15:09:48
U000502,user_502,男,20,湖北,2026-03-05 15:09:48
U000503,user_503,女,33,山东,2025-10-23 15:09:48
U000504,user_504,男,24,北京,2025-09-06 15:09:48
U000505,user_505,女,34,河南,2026-01-07 15:09:48
U000506,user_506,女,19,北京,2026-08-14 15:09:48
U000507,user_507,男,26,河南,2026-03-27 15:09:48
U000508,user_508,男,18,河南,2026-05-29 15:09:48
U000509,user_509,男,21,湖南,2026-06-22 15:09:48
U000510,user_510,女,24,广东,2026-08-09 15:09:48
U000511,user_511,女,28,北京,2026-06-28 15:09:48
U000512,user_512,男,35,山东,2025-11-08 15:09:48
U000513,user_513,女,32,广东,2026-07-04 15:09:48
U000514,user_514,男,26,江苏,2026-02-14 15:09:48
U000515,user_515,男,31,河南,2026-06-05 15:09:48
U000516,user_516,男,33,江苏,2026-01-11 15:09:48
U000517,user_517,男,29,湖南,2026-07-08 15:09:48
U000518,user_518,男,22,河南,2026-04-03 15:09:48
U000519,user_519,女,26,江苏,2026-04-21 15:09:48
U000520,user_520,女,29,河南,2026-06-27 15:09:48
U000521,user_521,女,21,北京,2026-06-20 15:09:48
U000522,user_522,女,19,浙江,2026-05-09 15:09:48
U000523,user_523,男,30,湖北,2026-07-25 15:09:48
U000524,user_524,女,29,湖北,2026-08-07 15:09:48
U000525,user_525,男,24,浙江,2025-11-05 15:09:48
U000526,user_526,女,33,广东,2025-12-22 15:09:48
U000527,user_527,女,24,湖北,2025-11-22 15:09:48
U000528,user_528,女,22,四川,2026-03-07 15:09:48
U000529,user_529,男,24,广东,2025-11-20 15:09:48
U000530,user_530,女,21,浙江,2025-09-28 15:09:48
U000531,user_531,男,30,江苏,2026-07-16 15:09:48
U000532,user_532,女,21,上海,2025-10-09 15:09:48
U000533,user_533,女,18,四川,2025-12-17 15:09:48
U000534,user_534,女,29,四川,2025-12-22 15:09:48
U000535,user_535,女,20,广东,2026-01-05 15:09:48
U000536,user_536,女,33,江苏,2026-08-31 15:09:48
U000537,user_537,女,22,江苏,2025-09-15 15:09:48
U000538,user_538,男,32,广东,2026-01-10 15:09:48
U000539,user_539,女,35,浙江,2025-09-04 15:09:48
U000540,user_540,女,33,四川,2026-04-22 15:09:48
U000541,user_541,女,28,四川,2026-04-24 15:09:48
U000542,user_542,女,27,河南,2026-08-17 15:09:48
U000543,user_543,男,27,北京,2026-05-26 15:09:48
U000544,user_544,男,29,上海,2025-12-10 15:09:48
U000545,user_545,男,28,河南,2026-03-02 15:09:48
U000546,user_546,男,33,浙江,2026-07-12 15:09:48
U000547,user_547,女,35,湖北,2026-03-21 15:09:48
U000548,user_548,男,28,北京,2026-08-09 15:09:48
U000549,user_549,女,22,河南,2026-02-14 15:09:48
U000550,user_550,男,30,河南,2026-04-02 15:09:48
U000551,user_551,女,21,四川,2025-10-13 15:09:48
U000552,user_552,男,22,上海,2025-11-30 15:09:48
U000553,user_553,女,30,湖北,2026-03-28 15:09:48
U000554,user_554,女,22,上海,2026-03-14 15:09:48
U000555,user_555,男,18,北京,2026-06-08 15:09:48
U000556,user_556,女,31,上海,2025-10-19 15:09:48
U000557,user_557,男,33,湖北,2025-12-30 15:09:48
U000558,user_558,女,26,四川,2026-07-20 15:09:48
U000559,user_559,女,20,浙江,2025-12-08 15:09:48
U000560,user_560,男,27,湖南,2026-03-31 15:09:48
U000561,user_561,男,35,山东,2026-06-11 15:09:48
U000562,user_562,女,26,广东,2025-11-22 15:09:48
U000563,user_563,女,19,山东,2026-07-29 15:09:48
U000564,user_564,女,20,浙江,2026-07-18 15:09:48
U000565,user_565,女,30,河南,2026-07-30 15:09:48
U000566,user_566,男,26,河南,2025-10-05 15:09:48
U000567,user_567,女,34,北京,2026-06-17 15:09:48
U000568,user_568,女,35,山东,2026-01-05 15:09:48
U000569,user_569,女,31,湖北,2026-07-03 15:09:48
U000570,user_570,女,22,上海,2026-08-22 15:09:48
U000571,user_571,男,31,四川,2025-10-28 15:09:48
U000572,user_572,男,27,山东,2025-11-09 15:09:48
U000573,user_573,女,20,河南,2026-07-05 15:09:48
U000574,user_574,女,22,北京,2026-07-20 15:09:48
U000575,user_575,女,23,湖南,2025-12-31 15:09:48
U000576,user_576,女,23,浙江,2026-06-08 15:09:48
U000577,user_577,男,18,广东,2026-01-29 15:09:48
U000578,user_578,女,32,北京,2026-03-15 15:09:48
U000579,user_579,女,32,广东,2026-03-04 15:09:48
U000580,user_580,男,30,上海,2025-12-29 15:09:48
U000581,user_581,男,35,北京,2026-01-29 15:09:48
U000582,user_582,女,28,山东,2025-11-09 15:09:48
U000583,user_583,男,35,湖南,2026-02-17 15:09:48
U000584,user_584,男,29,江苏,2026-04-09 15:09:48
U000585,user_585,女,26,江苏,2026-05-06 15:09:48
U000586,user_586,女,32,北京,2025-09-15 15:09:48
U000587,user_587,女,18,河南,2025-11-10 15:09:48
U000588,user_588,女,19,广东,2026-02-13 15:09:48
U000589,user_589,男,32,河南,2025-10-04 15:09:48
U000590,user_590,男,22,四川,2025-10-03 15:09:48
U000591,user_591,男,32,江苏,2026-06-02 15:09:48
U000592,user_592,男,24,广东,2026-06-02 15:09:48
U000593,user_593,女,29,四川,2026-07-14 15:09:48
U000594,user_594,女,30,湖南,2026-03-07 15:09:48
U000595,user_595,男,27,湖北,2026-08-13 15:09:48
U000596,user_596,男,23,四川,2026-02-07 15:09:48
U000597,user_597,女,26,山东,2026-04-28 15:09:48
U000598,user_598,男,20,四川,2026-08-14 15:09:48
U000599,user_599,男,25,江苏,2026-04-18 15:09:48
U000600,user_600,男,29,山东,2026-08-19 15:09:48
U000601,user_601,男,19,上海,2025-09-22 15:09:48
U000602,user_602,女,30,山东,2026-04-17 15:09:48
U000603,user_603,男,29,江苏,2025-09-09 15:09:48
U000604,user_604,男,20,山东,2026-01-25 15:09:48
U000605,user_605,男,18,四川,2026-02-01 15:09:48
U000606,user_606,男,25,北京,2026-06-20 15:09:48
U000607,user_607,男,27,江苏,2026-08-03 15:09:48
U000608,user_608,女,27,山东,2026-01-05 15:09:48
U000609,user_609,女,25,北京,2026-01-18 15:09:48
U000610,user_610,女,21,湖南,2025-12-19 15:09:48
U000611,user_611,女,24,浙江,2025-09-22 15:09:48
U000612,user_612,女,29,广东,2026-01-07 15:09:48
U000613,user_613,男,19,河南,2026-03-15 15:09:48
U000614,user_614,男,34,广东,2026-01-02 15:09:48
U000615,user_615,女,25,江苏,2025-12-21 15:09:48
U000616,user_616,女,30,湖北,2026-03-18 15:09:48
U000617,user_617,男,19,江苏,2026-03-22 15:09:48
U000618,user_618,男,33,北京,2026-06-22 15:09:48
U000619,user_619,女,35,江苏,2026-01-23 15:09:48
U000620,user_620,男,22,山东,2025-12-13 15:09:48
U000621,user_621,男,35,山东,2025-09-21 15:09:48
U000622,user_622,女,19,江苏,2026-06-30 15:09:48
U000623,user_623,男,30,河南,2025-10-21 15:09:48
U000624,user_624,男,19,河南,2026-03-13 15:09:48
U000625,user_625,男,19,浙江,2026-03-13 15:09:48
U000626,user_626,男,30,河南,2025-12-31 15:09:48
U000627,user_627,男,26,河南,2025-11-20 15:09:48
U000628,user_628,男,19,广东,2026-08-30 15:09:48
U000629,user_629,女,21,广东,2025-09-23 15:09:48
U000630,user_630,男,34,湖北,2025-09-23 15:09:48
U000631,user_631,男,29,湖南,2026-05-18 15:09:48
U000632,user_632,女,25,广东,2026-04-24 15:09:48
U000633,user_633,男,24,上海,2025-10-07 15:09:48
U000634,user_634,男,20,四川,2026-04-10 15:09:48
U000635,user_635,女,33,山东,2025-09-01 15:09:48
U000636,user_636,女,18,河南,2026-03-22 15:09:48
U000637,user_637,男,23,四川,2025-12-16 15:09:48
U000638,user_638,女,35,四川,2025-10-22 15:09:48
U000639,user_639,男,33,广东,2026-02-06 15:09:48
U000640,user_640,男,35,湖北,2026-01-25 15:09:48
U000641,user_641,女,35,北京,2026-01-16 15:09:48
U000642,user_642,男,35,山东,2026-08-21 15:09:48
U000643,user_643,女,29,北京,2026-04-13 15:09:48
U000644,user_644,女,25,北京,2026-06-14 15:09:48
U000645,user_645,男,26,四川,2025-10-18 15:09:48
U000646,user_646,男,28,湖北,2026-04-20 15:09:48
U000647,user_647,男,35,江苏,2026-04-19 15:09:48
U000648,user_648,女,34,北京,2026-02-07 15:09:48
U000649,user_649,女,34,浙江,2026-01-22 15:09:48
U000650,user_650,女,23,浙江,2026-03-18 15:09:48
U000651,user_651,女,19,上海,2026-07-27 15:09:48
U000652,user_652,女,31,山东,2025-12-29 15:09:48
U000653,user_653,男,23,湖北,2025-11-25 15:09:48
U000654,user_654,女,19,山东,2026-08-11 15:09:48
U000655,user_655,女,23,湖北,2026-07-21 15:09:48
U000656,user_656,男,27,上海,2026-08-06 15:09:48
U000657,user_657,女,35,湖南,2026-07-06 15:09:48
U000658,user_658,女,23,湖北,2026-01-24 15:09:48
U000659,user_659,男,35,湖南,2026-05-28 15:09:48
U000660,user_660,男,24,北京,2025-09-01 15:09:48
U000661,user_661,男,35,湖南,2026-06-19 15:09:48
U000662,user_662,男,25,广东,2025-11-26 15:09:48
U000663,user_663,男,21,浙江,2026-07-23 15:09:48
U000664,user_664,男,33,上海,2026-02-26 15:09:48
U000665,user_665,男,20,四川,2026-05-17 15:09:48
U000666,user_666,男,31,北京,2026-08-14 15:09:48
U000667,user_667,女,26,四川,2026-01-14 15:09:48
U000668,user_668,男,23,湖南,2026-03-07 15:09:48
U000669,user_669,男,19,四川,2025-12-19 15:09:48
U000670,user_670,男,20,山东,2026-07-06 15:09:48
U000671,user_671,男,23,浙江,2026-02-08 15:09:48
U000672,user_672,男,31,浙江,2025-10-07 15:09:48
U000673,user_673,女,35,四川,2025-09-27 15:09:48
U000674,user_674,女,20,湖南,2026-07-07 15:09:48
U000675,user_675,女,31,山东,2025-11-05 15:09:48
U000676,user_676,女,35,江苏,2026-09-01 15:09:48
U000677,user_677,男,20,北京,2025-12-30 15:09:48
U000678,user_678,男,23,浙江,2025-09-07 15:09:48
U000679,user_679,男,33,湖南,2025-12-02 15:09:48
U000680,user_680,女,19,河南,2025-11-29 15:09:48
U000681,user_681,女,32,广东,2026-07-23 15:09:48
U000682,user_682,男,30,湖北,2025-11-15 15:09:48
U000683,user_683,女,26,山东,2025-09-06 15:09:48
U000684,user_684,女,22,江苏,2026-06-08 15:09:48
U000685,user_685,男,34,河南,2026-04-22 15:09:48
U000686,user_686,女,35,江苏,2026-01-21 15:09:48
U000687,user_687,男,32,广东,2026-07-13 15:09:48
U000688,user_688,女,25,四川,2025-12-01 15:09:48
U000689,user_689,男,30,湖北,2025-09-08 15:09:48
U000690,user_690,女,23,河南,2025-12-13 15:09:48
U000691,user_691,女,20,上海,2025-11-08 15:09:48
U000692,user_692,女,35,上海,2026-01-14 15:09:48
U000693,user_693,女,25,山东,2025-10-25 15:09:48
U000694,user_694,女,34,河南,2025-10-22 15:09:48
U000695,user_695,女,22,浙江,2025-09-21 15:09:48
U000696,user_696,男,21,浙江,2026-03-24 15:09:48
U000697,user_697,男,24,北京,2026-01-19 15:09:48
U000698,user_698,女,20,江苏,2025-09-26 15:09:48
U000699,user_699,男,22,山东,2026-07-07 15:09:48
U000700,user_700,男,27,河南,2025-09-28 15:09:48
U000701,user_701,男,22,上海,2026-06-22 15:09:48
U000702,user_702,女,20,广东,2025-12-18 15:09:48
U000703,user_703,男,18,浙江,2026-02-24 15:09:48
U000704,user_704,女,28,湖北,2026-04-29 15:09:48
U000705,user_705,男,23,湖北,2026-05-09 15:09:48
U000706,user_706,男,26,四川,2026-02-06 15:09:48
U000707,user_707,女,29,广东,2026-08-04 15:09:48
U000708,user_708,男,32,上海,2026-08-08 15:09:48
U000709,user_709,女,33,广东,2026-03-15 15:09:48
U000710,user_710,男,24,山东,2025-10-04 15:09:48
U000711,user_711,女,23,浙江,2026-04-04 15:09:48
U000712,user_712,男,33,江苏,2026-07-20 15:09:48
U000713,user_713,男,26,江苏,2025-12-02 15:09:48
U000714,user_714,男,29,江苏,2025-11-11 15:09:48
U000715,user_715,男,35,上海,2026-05-23 15:09:48
U000716,user_716,男,20,浙江,2026-02-03 15:09:48
U000717,user_717,女,23,广东,2026-03-09 15:09:48
U000718,user_718,女,22,广东,2026-08-01 15:09:48
U000719,user_719,男,26,江苏,2026-07-08 15:09:48
U000720,user_720,男,30,湖南,2026-07-02 15:09:48
U000721,user_721,女,18,湖南,2025-11-04 15:09:48
U000722,user_722,男,32,上海,2026-01-13 15:09:48
U000723,user_723,男,27,湖北,2026-04-21 15:09:48
U000724,user_724,女,30,四川,2026-03-02 15:09:48
U000725,user_725,男,25,北京,2025-09-30 15:09:48
U000726,user_726,男,31,四川,2026-03-04 15:09:48
U000727,user_727,男,28,山东,2026-02-10 15:09:48
U000728,user_728,女,29,四川,2026-01-12 15:09:48
U000729,user_729,男,19,河南,2025-09-08 15:09:48
U000730,user_730,女,22,上海,2026-01-10 15:09:48
U000731,user_731,男,28,湖北,2026-02-26 15:09:48
U000732,user_732,女,25,江苏,2026-03-25 15:09:48
U000733,user_733,男,28,湖北,2026-03-16 15:09:48
U000734,user_734,男,24,上海,2026-01-18 15:09:48
U000735,user_735,男,20,四川,2025-10-28 15:09:48
U000736,user_736,男,35,湖南,2026-04-29 15:09:48
U000737,user_737,男,28,河南,2026-05-18 15:09:48
U000738,user_738,女,24,湖北,2025-11-20 15:09:48
U000739,user_739,男,28,北京,2025-10-11 15:09:48
U000740,user_740,女,35,湖北,2026-05-23 15:09:48
U000741,user_741,男,21,上海,2025-12-18 15:09:48
U000742,user_742,男,25,上海,2026-01-31 15:09:48
U000743,user_743,女,26,广东,2026-06-24 15:09:48
U000744,user_744,女,21,山东,2026-05-14 15:09:48
U000745,user_745,男,34,北京,2025-10-26 15:09:48
U000746,user_746,男,21,浙江,2026-01-23 15:09:48
U000747,user_747,男,19,江苏,2025-10-08 15:09:48
U000748,user_748,女,34,四川,2026-01-01 15:09:48
U000749,user_749,男,23,河南,2025-11-09 15:09:48
U000750,user_750,女,20,北京,2026-03-18 15:09:48
U000751,user_751,男,27,湖南,2026-04-03 15:09:48
U000752,user_752,女,34,浙江,2026-04-21 15:09:48
U000753,user_753,男,30,广东,2026-06-22 15:09:48
U000754,user_754,男,22,北京,2026-01-07 15:09:48
U000755,user_755,女,18,湖南,2026-03-02 15:09:48
U000756,user_756,女,26,山东,2026-06-15 15:09:48
U000757,user_757,女,29,湖南,2026-06-28 15:09:48
U000758,user_758,女,34,湖北,2026-07-30 15:09:48
U000759,user_759,男,29,广东,2025-11-11 15:09:48
U000760,user_760,女,27,湖北,2025-12-29 15:09:48
U000761,user_761,男,35,山东,2026-01-10 15:09:48
U000762,user_762,男,20,江苏,2026-03-23 15:09:48
U000763,user_763,女,24,湖南,2026-03-15 15:09:48
U000764,user_764,女,34,江苏,2026-07-24 15:09:48
U000765,user_765,女,35,四川,2025-12-27 15:09:48
U000766,user_766,男,18,广东,2026-03-26 15:09:48
U000767,user_767,男,27,江苏,2025-12-16 15:09:48
U000768,user_768,女,26,江苏,2026-08-30 15:09:48
U000769,user_769,女,35,江苏,2025-12-01 15:09:48
U000770,user_770,女,23,河南,2025-12-13 15:09:48
U000771,user_771,女,35,山东,2025-10-30 15:09:48
U000772,user_772,男,22,上海,2026-08-07 15:09:48
U000773,user_773,女,27,北京,2026-07-26 15:09:48
U000774,user_774,女,28,四川,2025-11-28 15:09:48
U000775,user_775,男,32,湖北,2026-01-14 15:09:48
U000776,user_776,男,25,湖北,2026-03-16 15:09:48
U000777,user_777,男,23,河南,2026-02-27 15:09:48
U000778,user_778,男,18,山东,2026-03-06 15:09:48
U000779,user_779,男,18,河南,2026-05-20 15:09:48
U000780,user_780,男,21,广东,2026-01-21 15:09:48
U000781,user_781,女,24,广东,2026-01-03 15:09:48
U000782,user_782,女,19,河南,2026-01-27 15:09:48
U000783,user_783,女,19,河南,2025-10-17 15:09:48
U000784,user_784,女,29,北京,2025-12-12 15:09:48
U000785,user_785,男,30,湖北,2026-08-27 15:09:48
U000786,user_786,男,25,湖北,2026-04-18 15:09:48
U000787,user_787,女,18,河南,2025-11-02 15:09:48
U000788,user_788,女,28,江苏,2026-06-21 15:09:48
U000789,user_789,男,27,湖南,2026-08-21 15:09:48
U000790,user_790,男,24,河南,2026-05-14 15:09:48
U000791,user_791,女,22,北京,2025-10-14 15:09:48
U000792,user_792,男,21,山东,2025-12-27 15:09:48
U000793,user_793,女,23,江苏,2025-09-18 15:09:48
U000794,user_794,男,34,广东,2026-06-22 15:09:48
U000795,user_795,女,23,河南,2026-07-06 15:09:48
U000796,user_796,女,24,北京,2026-07-05 15:09:48
U000797,user_797,女,24,湖南,2025-10-07 15:09:48
U000798,user_798,男,30,湖北,2026-08-26 15:09:48
U000799,user_799,男,24,北京,2026-07-26 15:09:48
U000800,user_800,男,35,上海,2025-10-26 15:09:48
U000801,user_801,女,20,湖北,2026-07-22 15:09:48
U000802,user_802,男,21,北京,2025-09-08 15:09:48
U000803,user_803,男,24,上海,2026-08-13 15:09:48
U000804,user_804,女,23,河南,2026-07-11 15:09:48
U000805,user_805,女,31,浙江,2026-01-27 15:09:48
U000806,user_806,男,18,湖南,2026-07-05 15:09:48
U000807,user_807,男,20,四川,2025-09-27 15:09:48
U000808,user_808,男,26,上海,2026-05-20 15:09:48
U000809,user_809,男,24,北京,2026-01-27 15:09:48
U000810,user_810,男,35,北京,2026-01-20 15:09:48
U000811,user_811,女,34,山东,2025-10-26 15:09:48
U000812,user_812,女,24,山东,2026-07-20 15:09:48
U000813,user_813,女,27,山东,2026-03-12 15:09:48
U000814,user_814,男,27,四川,2025-09-19 15:09:48
U000815,user_815,女,30,广东,2026-04-04 15:09:48
U000816,user_816,女,33,河南,2026-01-28 15:09:48
U000817,user_817,男,35,河南,2025-12-01 15:09:48
U000818,user_818,女,34,浙江,2026-07-14 15:09:48
U000819,user_819,女,21,上海,2026-08-18 15:09:48
U000820,user_820,女,23,湖北,2026-05-21 15:09:48
U000821,user_821,男,22,北京,2026-08-02 15:09:48
U000822,user_822,女,31,上海,2026-08-09 15:09:48
U000823,user_823,女,19,上海,2026-06-22 15:09:48
U000824,user_824,男,24,四川,2025-10-26 15:09:48
U000825,user_825,男,20,湖南,2026-01-29 15:09:48
U000826,user_826,男,24,浙江,2026-02-21 15:09:48
U000827,user_827,女,28,湖北,2026-08-24 15:09:48
U000828,user_828,男,25,浙江,2026-06-28 15:09:48
U000829,user_829,女,19,四川,2026-05-29 15:09:48
U000830,user_830,男,23,湖南,2026-06-08 15:09:48
U000831,user_831,女,24,广东,2026-06-27 15:09:48
U000832,user_832,男,26,山东,2026-06-04 15:09:48
U000833,user_833,女,25,广东,2026-02-08 15:09:48
U000834,user_834,女,21,四川,2025-09-03 15:09:48
U000835,user_835,女,30,北京,2025-09-26 15:09:48
U000836,user_836,女,35,湖南,2026-03-10 15:09:48
U000837,user_837,女,33,广东,2026-02-27 15:09:48
U000838,user_838,女,32,四川,2025-10-27 15:09:48
U000839,user_839,女,25,广东,2025-09-15 15:09:48
U000840,user_840,女,20,山东,2025-09-12 15:09:48
U000841,user_841,女,23,北京,2026-06-06 15:09:48
U000842,user_842,男,24,河南,2026-08-22 15:09:48
U000843,user_843,男,28,广东,2026-01-11 15:09:48
U000844,user_844,男,33,河南,2025-11-02 15:09:48
U000845,user_845,女,29,湖北,2025-12-26 15:09:48
U000846,user_846,男,26,江苏,2025-12-02 15:09:48
U000847,user_847,男,25,河南,2026-07-31 15:09:48
U000848,user_848,男,18,湖北,2026-05-11 15:09:48
U000849,user_849,男,32,湖北,2026-04-21 15:09:48
U000850,user_850,女,23,浙江,2026-08-05 15:09:48
U000851,user_851,男,33,江苏,2026-06-29 15:09:48
U000852,user_852,男,35,河南,2026-06-08 15:09:48
U000853,user_853,女,27,湖北,2026-04-25 15:09:48
U000854,user_854,男,19,河南,2026-01-14 15:09:48
U000855,user_855,男,30,河南,2026-02-11 15:09:48
U000856,user_856,男,26,浙江,2025-10-29 15:09:48
U000857,user_857,男,35,湖北,2026-08-27 15:09:48
U000858,user_858,女,33,上海,2026-04-14 15:09:48
U000859,user_859,男,34,山东,2026-05-20 15:09:48
U000860,user_860,女,34,上海,2026-06-26 15:09:48
U000861,user_861,女,30,浙江,2026-03-29 15:09:48
U000862,user_862,女,28,北京,2025-09-24 15:09:48
U000863,user_863,男,28,北京,2026-02-01 15:09:48
U000864,user_864,女,27,江苏,2026-02-03 15:09:48
U000865,user_865,男,30,四川,2025-11-02 15:09:48
U000866,user_866,女,22,北京,2026-07-16 15:09:48
U000867,user_867,女,31,江苏,2025-10-03 15:09:48
U000868,user_868,女,25,北京,2025-12-02 15:09:48
U000869,user_869,女,26,江苏,2026-06-28 15:09:48
U000870,user_870,男,28,河南,2026-05-05 15:09:48
U000871,user_871,女,18,河南,2026-01-09 15:09:48
U000872,user_872,女,28,四川,2026-07-22 15:09:48
U000873,user_873,男,35,广东,2026-05-13 15:09:48
U000874,user_874,男,18,广东,2026-05-14 15:09:48
U000875,user_875,女,21,浙江,2026-03-22 15:09:48
U000876,user_876,女,26,四川,2026-02-05 15:09:48
U000877,user_877,男,19,上海,2025-10-20 15:09:48
U000878,user_878,女,23,北京,2026-05-02 15:09:48
U000879,user_879,女,34,河南,2025-10-30 15:09:48
U000880,user_880,女,22,四川,2025-11-07 15:09:48
U000881,user_881,男,35,广东,2026-04-12 15:09:48
U000882,user_882,女,31,江苏,2025-12-29 15:09:48
U000883,user_883,女,34,山东,2026-08-16 15:09:48
U000884,user_884,男,22,江苏,2026-04-26 15:09:48
U000885,user_885,女,27,山东,2026-03-14 15:09:48
U000886,user_886,男,32,上海,2025-12-01 15:09:48
U000887,user_887,男,23,湖北,2026-01-23 15:09:48
U000888,user_888,女,22,湖北,2026-05-05 15:09:48
U000889,user_889,男,25,上海,2026-08-31 15:09:48
U000890,user_890,女,19,江苏,2026-01-15 15:09:48
U000891,user_891,男,22,浙江,2026-07-18 15:09:48
U000892,user_892,男,23,河南,2026-08-08 15:09:48
U000893,user_893,男,29,河南,2026-01-12 15:09:48
U000894,user_894,女,34,湖北,2025-09-20 15:09:48
U000895,user_895,男,28,广东,2026-06-09 15:09:48
U000896,user_896,男,25,湖北,2026-08-12 15:09:48
U000897,user_897,女,20,湖北,2026-06-15 15:09:48
U000898,user_898,男,18,山东,2026-04-25 15:09:48
U000899,user_899,男,19,河南,2026-02-09 15:09:48
U000900,user_900,女,35,河南,2025-11-18 15:09:48
U000901,user_901,女,25,浙江,2025-10-11 15:09:48
U000902,user_902,男,29,上海,2026-08-26 15:09:48
U000903,user_903,女,21,河南,2025-09-29 15:09:48
U000904,user_904,女,30,湖南,2025-12-13 15:09:48
U000905,user_905,女,28,湖南,2026-08-11 15:09:48
U000906,user_906,男,33,四川,2026-04-15 15:09:48
U000907,user_907,女,34,湖南,2026-04-19 15:09:48
U000908,user_908,女,25,广东,2025-09-29 15:09:48
U000909,user_909,女,24,浙江,2026-08-20 15:09:48
U000910,user_910,女,33,广东,2025-12-18 15:09:48
U000911,user_911,女,32,北京,2026-06-15 15:09:48
U000912,user_912,男,22,湖北,2025-12-10 15:09:48
U000913,user_913,女,34,江苏,2026-04-21 15:09:48
U000914,user_914,女,23,江苏,2026-07-07 15:09:48
U000915,user_915,男,26,四川,2026-04-15 15:09:48
U000916,user_916,男,32,湖南,2025-10-23 15:09:48
U000917,user_917,女,22,四川,2026-01-23 15:09:48
U000918,user_918,女,31,江苏,2025-09-18 15:09:48
U000919,user_919,男,30,上海,2025-10-20 15:09:48
U000920,user_920,女,34,湖北,2026-07-25 15:09:48
U000921,user_921,男,31,河南,2026-05-13 15:09:48
U000922,user_922,女,19,浙江,2026-08-06 15:09:48
U000923,user_923,女,34,北京,2026-05-26 15:09:48
U000924,user_924,女,31,河南,2026-05-21 15:09:48
U000925,user_925,男,21,北京,2026-04-02 15:09:48
U000926,user_926,女,19,四川,2025-11-11 15:09:48
U000927,user_927,男,30,河南,2026-07-03 15:09:48
U000928,user_928,男,23,山东,2025-09-18 15:09:48
U000929,user_929,男,31,湖南,2025-09-08 15:09:48
U000930,user_930,男,32,河南,2026-01-15 15:09:48
U000931,user_931,女,22,山东,2026-06-03 15:09:48
U000932,user_932,女,24,浙江,2026-03-16 15:09:48
U000933,user_933,女,28,河南,2026-07-31 15:09:48
U000934,user_934,男,20,河南,2026-06-27 15:09:48
U000935,user_935,男,28,湖南,2025-09-09 15:09:48
U000936,user_936,女,27,湖南,2025-11-02 15:09:48
U000937,user_937,女,34,北京,2025-11-24 15:09:48
U000938,user_938,男,29,浙江,2026-07-22 15:09:48
U000939,user_939,男,20,广东,2026-01-02 15:09:48
U000940,user_940,男,30,广东,2026-08-27 15:09:48
U000941,user_941,女,31,广东,2025-12-08 15:09:48
U000942,user_942,男,26,湖北,2026-05-16 15:09:48
U000943,user_943,男,18,湖南,2025-09-03 15:09:48
U000944,user_944,女,22,上海,2025-12-02 15:09:48
U000945,user_945,男,33,北京,2026-03-27 15:09:48
U000946,user_946,男,30,浙江,2026-02-10 15:09:48
U000947,user_947,男,31,河南,2025-11-17 15:09:48
U000948,user_948,女,22,山东,2026-08-24 15:09:48
U000949,user_949,女,30,湖南,2026-02-07 15:09:48
U000950,user_950,男,20,上海,2026-08-03 15:09:48
U000951,user_951,女,32,上海,2025-12-03 15:09:48
U000952,user_952,男,20,山东,2026-02-11 15:09:48
U000953,user_953,女,26,江苏,2026-03-16 15:09:48
U000954,user_954,男,29,广东,2026-06-22 15:09:48
U000955,user_955,男,33,山东,2026-07-09 15:09:48
U000956,user_956,女,18,湖南,2025-11-22 15:09:48
U000957,user_957,男,33,江苏,2025-10-06 15:09:48
U000958,user_958,女,34,江苏,2025-11-28 15:09:48
U000959,user_959,女,34,河南,2025-11-14 15:09:48
U000960,user_960,女,27,浙江,2026-02-09 15:09:48
U000961,user_961,女,23,四川,2025-11-08 15:09:48
U000962,user_962,女,24,湖北,2026-08-20 15:09:48
U000963,user_963,男,24,山东,2026-04-04 15:09:48
U000964,user_964,女,25,北京,2026-07-03 15:09:48
U000965,user_965,女,21,北京,2025-12-22 15:09:48
U000966,user_966,女,35,江苏,2026-06-28 15:09:48
U000967,user_967,男,21,浙江,2026-03-17 15:09:48
U000968,user_968,男,21,浙江,2026-01-06 15:09:48
U000969,user_969,男,32,河南,2025-09-24 15:09:48
U000970,user_970,男,32,广东,2026-04-04 15:09:48
U000971,user_971,女,22,广东,2026-05-17 15:09:48
U000972,user_972,男,25,江苏,2026-05-12 15:09:48
U000973,user_973,男,33,湖北,2026-08-14 15:09:48
U000974,user_974,女,35,广东,2026-04-21 15:09:48
U000975,user_975,女,20,四川,2026-03-10 15:09:48
U000976,user_976,女,27,广东,2026-05-19 15:09:48
U000977,user_977,女,33,江苏,2026-07-26 15:09:48
U000978,user_978,女,30,四川,2026-08-20 15:09:48
U000979,user_979,女,22,浙江,2026-01-05 15:09:48
U000980,user_980,男,28,湖南,2026-06-12 15:09:48
U000981,user_981,男,31,山东,2026-07-26 15:09:48
U000982,user_982,女,30,浙江,2025-11-06 15:09:48
U000983,user_983,女,20,河南,2025-09-08 15:09:48
U000984,user_984,女,25,广东,2025-10-23 15:09:48
U000985,user_985,女,33,浙江,2025-10-03 15:09:48
U000986,user_986,男,18,湖北,2026-05-23 15:09:48
U000987,user_987,女,27,上海,2026-08-22 15:09:48
U000988,user_988,男,34,河南,2025-11-30 15:09:48
U000989,user_989,男,24,广东,2025-12-13 15:09:48
U000990,user_990,男,28,四川,2026-05-28 15:09:48
U000991,user_991,女,24,北京,2026-02-01 15:09:48
U000992,user_992,男,28,江苏,2025-12-06 15:09:48
U000993,user_993,女,26,四川,2026-05-31 15:09:48
U000994,user_994,男,30,湖南,2026-01-31 15:09:48
U000995,user_995,男,21,广东,2026-07-17 15:09:48
U000996,user_996,男,22,浙江,2025-09-20 15:09:48
U000997,user_997,女,28,山东,2026-05-23 15:09:48
U000998,user_998,男,33,北京,2026-01-08 15:09:48
U000999,user_999,女,33,北京,2025-12-28 15:09:48
U001000,user_1000,男,30,河南,2026-04-27 15:09:48
